	close	articles
2018-04-07 01:30:00	23932.76	
2018-04-10 01:30:00	23979.1	
2018-04-11 01:30:00	24408.0	
2018-04-12 01:30:00	24189.45	
2018-04-13 01:30:00	24483.05	
2018-04-14 01:30:00	24360.14	
2018-04-17 01:30:00	24573.04	
2018-04-18 01:30:00	24786.63	
2018-04-19 01:30:00	24748.07	
2018-04-20 01:30:00	24664.89	
2018-04-21 01:30:00	24462.94	
2018-04-24 01:30:00	24448.69	
2018-04-25 01:30:00	24024.13	
2018-04-26 01:30:00	24083.83	
2018-04-27 01:30:00	24322.34	
2018-04-28 01:30:00	24311.19	
2018-05-01 01:30:00	24163.15	. Quotation of the Day: An Answer to Cannes, on Screen in Iran. Why the Cardinal Pell Case Has Been So Secretive. A Carefree Life With a Few Bumps Along the Way. Watch Out for the Obstacles. 5 Shows to See in New York: ‘Me and My Girl,’ ‘Dance Nation’ and More. Bringing Jerome Robbins’s Broadway Home to City Ballet. Reports of Sexual Assault in the Military Rise by 10 Percent, Pentagon Finds. Michelle Wolf’s Old Late-Night Bosses Come to Her Defense. Letting Sprint and T-Mobile Merge Is a Terrible Idea. At a New York Gallery, Confronting the Art World’s Existential Crisis. Benjamin Netanyahu’s Nuclear Nothingburger. ‘We’re in the Money’: Sainsbury’s Chief Sings Himself Into Trouble. Where Giada De Laurentiis Loves to Go in Italy. Bowery Club Poets Take Issue With Documentary. Why Was Her Vision Jerky and Blurry if There Was Nothing Wrong With Her Eyes?. Humpback Whale Baby Boom Near Antarctica. Native American Photographers Unite to Challenge Inaccurate Narratives . Israel, Apple, North Korea: Your Wednesday Briefing. R. Kelly Faces a #MeToo Reckoning as Time’s Up Backs a Protest. For Our Subscribers: A Guide to Tidying Up Your Home. Wary of Being Left Out, Japan Will Host Chinese and South Korean Leaders. Trial Date Set for Dispute Over Broadway ‘Mockingbird’. How Rodgers and Hammerstein Created Modern Musical Theater. The Menil Drawing Institute in Houston Will Open in November. ‘Ant-Man and the Wasp’ Gets a New Trailer. French Cafe Classics in SoHo. Matthew Kenney’s Latest, Nodding to Japan, Opens in the East Village. Gaia’s Map of 1.3 Billion Stars Makes for a Milky Way in a Bottle. Celebrate Spring With an Upscale Smothered-Chicken Dinner. How to Cleanse for Spring, the French Way. The Happiest Guy in the World. The Best TV Shows and Movies New to Netflix, Amazon and More in May. Don’t Cry, Resist! Movies From a Female Revolution. Sprint and T-Mobile C.E.O.s Are in Washington to Sell Their Merger. Here’s What They’ll Confront.. This Man Is Taking France to Court to Win Back France.com. David Zwirner to Represent Abstract Painter Joan Mitchell. How to Protect Yourself From Mosquitoes and Ticks. Gay Assimilation?. Robert Mueller, Iran, Tony Awards: Your Tuesday Briefing. In a Corner of Senegal, a Victory Over Malaria. Christian, Not ‘Political’. In a Slim Season, the Tonys Show Love to Brits, Classics and Sponges. White House Considers Restricting Chinese Researchers Over Espionage Fears. New York Today: Why Do New Yorkers Wear Black?. Decolonizing the Art Museum: The Next Wave. 2018 Tony Nominations: ‘Mean Girls’ and ‘SpongeBob’ Lead the Way. In ‘The Moralist,’ Woodrow Wilson and the Hazards of Idealism. Lessons From Rust-Belt Cities That Kept Their Sheen. After Viktor Orban’s Victory, Hungary’s Judges Start to Tumble. In 200 Words or Less, a Columnist Offers Bite-Size Recommendations. In 200 Words or Less, a Columnist Offers Bite-Size Recommendations. The U.S. and China Are Finally Having It Out. How to Sell Your Old Phone Safely. Why Is a ‘Green’ Car Company Pivoting Back to S.U.V.s?. For More Than Just Friends? Facebook Will Soon Offer a Dating Service. California Sues Trump Administration Over Car Emissions Rules. Tariffs, Netanyahu, Ireland: Your Tuesday Briefing. What’s on TV Tuesday: ‘John Mulaney: Kid Gorgeous’ and ‘The Insult’. Dogs and Cats and Decorating: It’s Easier Than You Think. Is the Digital Era Improving or Ruining the Experience of Art?. Cardinal George Pell to Stand Trial on Historical Sex Offenses. Iran, Like Russia Before It, Tries to Block Telegram App. I Have a Real-Life Wicked Stepmother. How Do I Handle Her?. White House Delays Tariffs on E.U., Canada and Mexico for 30 Days. Was Sheldon Silver Corrupt, or Was It Just Politics as Usual?. A Disaster at Sea, Animated by 26 Hours of Black-Box Recordings. Prosecutors Prepare to Retry the 2003 Killing of a College Student. Trump Calls Disclosure of Mueller Questions in Russia Investigation ‘Disgraceful’. A Very German Love Story: When Old Left and Far Right Share a Bedroom. Lonely Highway. First Test for New York Chancellor: A Middle School Desegregation Plan. Kentucky Derby Draw 2018: Odds, Post Positions and Contenders. Ecstasy as PTSD Relief for Soldiers: ‘I Was Able to Forgive Myself.’. Tick and Mosquito Infections Spreading Rapidly, C.D.C. Finds. The Questions Mueller Wants to Ask Trump About Obstruction, and What They Mean. In an English Village, a Gathering of Scarecrows. Bans on Plastic Straws Are Growing. But Is the Travel Industry Doing Enough? . When to Dump Old Downloads . The Truth Is Coming for Trump. Teaching Activities for: ‘Worried About Risky Teenage Behavior? Make School Tougher’. N.B.A. Playoffs: Rusty Sixers Lose to Celtics in Game 1. Review: Sarah Michelson’s Radical Sadness. On the Gaza Protests. What Happens When People and Companies Are Both Just ‘Brands’?. Recent Commercial Real Estate Transactions. Do You Drive a Taxi, Ride Share or Car Service for a Living?. ‘Animal House’ Oral History: From Richard Pryor to a Real Melee. Anna, Llama and Me. De Blasio’s Pitch for Progressivism Finds an Ally Across the River. Mueller, Facebook, Mars: Your Tuesday Evening Briefing. The Golden Knights Are on a Roll, Leaving Vegas Oddsmakers to Shudder. Britain’s Wedding-Mad Tabloids Feel a Cold Royal Shoulder. Labour Targets Election Gains in the Playgrounds of London’s Superrich. Latest Threat to China: Peppa Pig, Countercultural Cartoon Character. Mark Zuckerberg Has a Message: Facebook Will Keep Building. Gen. Michael Hayden Has One Regret: Russia. Childhood Bedroom. Donald Trump, Live and Unfiltered!. Roy Moore Sues 4 Women, Claiming Defamation and Conspiracy. Gig Economy Business Model Dealt a Blow in California Ruling. California Today: Members of the Migrant Caravan Await Their Fate Near San Diego. The Real Villain Behind Our New Gilded Age. Instagram Unveils a Bully Filter. Stephen Posen Knows How to Fashion a Line. So Does His Son.. Tina Fey, Renée Fleming and Andrew Garfield on Their Tony Nominations. A Taxi Driver Took His Own Life. His Family Blames Uber’s Influence.. São Paulo Tower Collapses in Fire. Dr. Donald Seldin, Who Put a Medical School on the Map, Dies at 97. Mark Zuckerberg Has a Message: Facebook Will Keep Building. Jabo Starks, Drummer for James Brown, Dies at 79. Bots and Trolls Elbow Into Mexico’s Crowded Electoral Field. Snap to Tweak Snapchat’s Redesign After Users Complain. Amazon, Not Waiting for HQ2, Announces Projects in Boston and Vancouver. What Kanye West Said About Slavery, Mental Health and Obama in His New Interviews. Protest in Puerto Rico Over Austerity Measures Ends in Tear Gas. Gen. Michael Hayden Has One Regret: Russia. Childhood Bedroom. Corrections: May 1, 2018. New & Noteworthy. Word + Quiz: propitious. Young Migrants: Victims of Gangs or Members of Them?. Weekly News Quiz for Students: Historic Summit, Guilty Verdict, New Memorial. Is That Dog (or Pig) on Your Flight Really a Service Animal?. San Francisco Chef Now Heads the Acclaimed Nahm in Bangkok. Suggestions for an Economy That Delivers. Berlin: An Art Scene and a City in Flux. Tony Awards 2018: Full List of Nominations. In a Revived Durham, Black Residents Ask: Is There Still Room for Us?. C.E.O.s Should Lead on Addressing Social Issues, Poll Finds. If Poland and Hungary Flout European Values, European Aid Could Dry Up. ‘Simpsons’ Creator Says of Apu Criticism, ‘People Love to Pretend They’re Offended’. Fire in São Paulo, Brazil, Brings Down a High-Rise Building. Apple Plans to Give Investors Back $100 Billion: DealBook Briefing. The Hostess With the Mostess at the Odeon. Everett Fahy, Museum Authority on European Painting, Is Dead at 77. Veterinarian Charged With Smuggling Heroin Inside Puppies. In Devastated Puerto Rico, Universities Get Just a Fraction of Storm Aid. Europe Is Annoyed, Not Grateful, After Trump Delays Tariffs. Sowing Peanuts, Reaping Ammo in Uganda. Justice Dept. Won’t Be Extorted, Rosenstein Warns Republicans. Stephen Curry’s Return Boosts Warriors to Win Over Pelicans. Tidy Up Your Home. Chinese Firm Scraps Deal to Buy Anthony Scaramucci’s Hedge Fund. Lightning Thwart Bruins Stars and Even the Series. Astros’ Charlie Morton Extends Yankees’ Futility in Houston. Listen to ‘The Daily’: Mueller’s Questions for Trump. How to Read the Army’s Budget Request for More Precision Ordnance. Books New and Old for the Would-Be Time Traveler. French Cafe Food, Not So New but Very Much Improved. A Work by Zora Neale Hurston Will Finally Be Published. Review: An Afternoon of Opera Stars in the Making. A Work by Zora Neale Hurston Will Finally Be Published. Review: An Afternoon of Opera Stars in the Making. ‘He’s a Pit Bull’: T-Mobile C.E.O. Is the Colorful Outlier of Wireless. The Happiest Guy in the World. A Preview of Mueller’s Questions for Trump. How to Fly. Adopt 5 Healthy Habits, Live 12 to 14 Years Longer. The Best Movies and TV Shows New to Netflix Australia in May. Success Academy Chairman, Daniel Loeb, Is Stepping Down. Denied Power, Armenian Opposition Leader Urges Nationwide Strikes. Should the Cosby Jurors’ Names Stay Secret?. Mueller Has Dozens of Inquiries for Trump in Broad Quest on Russia Ties and Obstruction. The Democrats’ Real Diversity Problem. How a Common Interview Question Fuels the Gender Pay Gap (and How to Stop It). Vista, Maker of Ammunition and Recreation Gear, Plans to Sell Off Gun-Making Unit. Two Top Aides to Scott Pruitt Quit the E.P.A. Unexpectedly. Taiwan’s Diplomatic Isolation Increases as Dominican Republic Recognizes China
